"arcLength", "radius", "height", "normalX", "normalY", "thickness", "thickX", "thickY"
    0.00000,        0,       99, 1.000000,-500.000000,    10.00000,  0.02000, -9.99998
  500.00100,      500,      100, 2.000000,-500.000000,    10.00002,  0.04000, -9.99994
  501.00100,      500,      101,    2.000000,0.000000,    10.02002, 10.02002,  0.00000
  502.00100,      500,      102,    2.000000,0.000000,    10.04002, 10.04002,  0.00000
  503.00100,      500,      103,    2.000000,0.000000,    10.06002, 10.06002,  0.00000
  504.00100,      500,      104,    2.000000,0.000000,    10.08002, 10.08002,  0.00000
  505.00100,      500,      105,    2.000000,0.000000,    10.10002, 10.10002,  0.00000
  506.00100,      500,      106,    2.000000,0.000000,    10.12002, 10.12002,  0.00000
  507.00100,      500,      107,    2.000000,0.000000,    10.14002, 10.14002,  0.00000
  508.00100,      500,      108,    2.000000,0.000000,    10.16002, 10.16002,  0.00000
  509.00100,      500,      109,    2.000000,0.000000,    10.18002, 10.18002,  0.00000
  510.00100,      500,      110,    2.000000,0.000000,    10.20002, 10.20002,  0.00000
  511.00100,      500,      111,    2.000000,0.000000,    10.22002, 10.22002,  0.00000
  512.00100,      500,      112,    2.000000,0.000000,    10.24002, 10.24002,  0.00000
  513.00100,      500,      113,    2.000000,0.000000,    10.26002, 10.26002,  0.00000
  514.00100,      500,      114,    2.000000,0.000000,    10.28002, 10.28002,  0.00000
  515.00100,      500,      115,    2.000000,0.000000,    10.30002, 10.30002,  0.00000
  516.00100,      500,      116,    2.000000,0.000000,    10.32002, 10.32002,  0.00000
  517.00100,      500,      117,    2.000000,0.000000,    10.34002, 10.34002,  0.00000
  518.00100,      500,      118,    2.000000,0.000000,    10.36002, 10.36002,  0.00000
  519.00100,      500,      119,    2.000000,0.000000,    10.38002, 10.38002,  0.00000
  520.00100,      500,      120,    2.000000,0.000000,    10.40002, 10.40002,  0.00000
  521.00100,      500,      121,    2.000000,0.000000,    10.42002, 10.42002,  0.00000
  522.00100,      500,      122,    2.000000,0.000000,    10.44002, 10.44002,  0.00000
  523.00100,      500,      123,    2.000000,0.000000,    10.46002, 10.46002,  0.00000
  524.00100,      500,      124,    2.000000,0.000000,    10.48002, 10.48002,  0.00000
  525.00100,      500,      125,    2.000000,0.000000,    10.50002, 10.50002,  0.00000
  526.00100,      500,      126,    2.000000,0.000000,    10.52002, 10.52002,  0.00000
  527.00100,      500,      127,    2.000000,0.000000,    10.54002, 10.54002,  0.00000
  528.00100,      500,      128,    2.000000,0.000000,    10.56002, 10.56002,  0.00000
  529.00100,      500,      129,    2.000000,0.000000,    10.58002, 10.58002,  0.00000
  530.00100,      500,      130,    2.000000,0.000000,    10.60002, 10.60002,  0.00000
  531.00100,      500,      131,    2.000000,0.000000,    10.62002, 10.62002,  0.00000
  532.00100,      500,      132,    2.000000,0.000000,    10.64002, 10.64002,  0.00000
  533.00100,      500,      133,    2.000000,0.000000,    10.66002, 10.66002,  0.00000
  534.00100,      500,      134,    2.000000,0.000000,    10.68002, 10.68002,  0.00000
  535.00100,      500,      135,    2.000000,0.000000,    10.70002, 10.70002,  0.00000
  536.00100,      500,      136,    2.000000,0.000000,    10.72002, 10.72002,  0.00000
  537.00100,      500,      137,    2.000000,0.000000,    10.74002, 10.74002,  0.00000
  538.00100,      500,      138,    2.000000,0.000000,    10.76002, 10.76002,  0.00000
  539.00100,      500,      139,    2.000000,0.000000,    10.78002, 10.78002,  0.00000
  540.00100,      500,      140,    2.000000,0.000000,    10.80002, 10.80002,  0.00000
  541.00100,      500,      141,    2.000000,0.000000,    10.82002, 10.82002,  0.00000
  542.00100,      500,      142,    2.000000,0.000000,    10.84002, 10.84002,  0.00000
  543.00100,      500,      143,    2.000000,0.000000,    10.86002, 10.86002,  0.00000
  544.00100,      500,      144,    2.000000,0.000000,    10.88002, 10.88002,  0.00000
  545.00100,      500,      145,    2.000000,0.000000,    10.90002, 10.90002,  0.00000
  546.00100,      500,      146,    2.000000,0.000000,    10.92002, 10.92002,  0.00000
  547.00100,      500,      147,    2.000000,0.000000,    10.94002, 10.94002,  0.00000
  548.00100,      500,      148,    2.000000,0.000000,    10.96002, 10.96002,  0.00000
  549.00100,      500,      149,    2.000000,0.000000,    10.98002, 10.98002,  0.00000
  550.00100,      500,      150,    2.000000,0.000000,    11.00002, 11.00002,  0.00000
  551.00100,      500,      151,    2.000000,0.000000,    11.02002, 11.02002,  0.00000
  552.00100,      500,      152,    2.000000,0.000000,    11.04002, 11.04002,  0.00000
  553.00100,      500,      153,    2.000000,0.000000,    11.06002, 11.06002,  0.00000
  554.00100,      500,      154,    2.000000,0.000000,    11.08002, 11.08002,  0.00000
  555.00100,      500,      155,    2.000000,0.000000,    11.10002, 11.10002,  0.00000
  556.00100,      500,      156,    2.000000,0.000000,    11.12002, 11.12002,  0.00000
  557.00100,      500,      157,    2.000000,0.000000,    11.14002, 11.14002,  0.00000
  558.00100,      500,      158,    2.000000,0.000000,    11.16002, 11.16002,  0.00000
  559.00100,      500,      159,    2.000000,0.000000,    11.18002, 11.18002,  0.00000
  560.00100,      500,      160,    2.000000,0.000000,    11.20002, 11.20002,  0.00000
  561.00100,      500,      161,    2.000000,0.000000,    11.22002, 11.22002,  0.00000
  562.00100,      500,      162,    2.000000,0.000000,    11.24002, 11.24002,  0.00000
  563.00100,      500,      163,    2.000000,0.000000,    11.26002, 11.26002,  0.00000
  564.00100,      500,      164,    2.000000,0.000000,    11.28002, 11.28002,  0.00000
  565.00100,      500,      165,    2.000000,0.000000,    11.30002, 11.30002,  0.00000
  566.00100,      500,      166,    2.000000,0.000000,    11.32002, 11.32002,  0.00000
  567.00100,      500,      167,    2.000000,0.000000,    11.34002, 11.34002,  0.00000
  568.00100,      500,      168,    2.000000,0.000000,    11.36002, 11.36002,  0.00000
  569.00100,      500,      169,    2.000000,0.000000,    11.38002, 11.38002,  0.00000
  570.00100,      500,      170,    2.000000,0.000000,    11.40002, 11.40002,  0.00000
  571.00100,      500,      171,    2.000000,0.000000,    11.42002, 11.42002,  0.00000
  572.00100,      500,      172,    2.000000,0.000000,    11.44002, 11.44002,  0.00000
  573.00100,      500,      173,    2.000000,0.000000,    11.46002, 11.46002,  0.00000
  574.00100,      500,      174,    2.000000,0.000000,    11.48002, 11.48002,  0.00000
  575.00100,      500,      175,    2.000000,0.000000,    11.50002, 11.50002,  0.00000
  576.00100,      500,      176,    2.000000,0.000000,    11.52002, 11.52002,  0.00000
  577.00100,      500,      177,    2.000000,0.000000,    11.54002, 11.54002,  0.00000
  578.00100,      500,      178,    2.000000,0.000000,    11.56002, 11.56002,  0.00000
  579.00100,      500,      179,    2.000000,0.000000,    11.58002, 11.58002,  0.00000
  580.00100,      500,      180,    2.000000,0.000000,    11.60002, 11.60002,  0.00000
  581.00100,      500,      181,    2.000000,0.000000,    11.62002, 11.62002,  0.00000
  582.00100,      500,      182,    2.000000,0.000000,    11.64002, 11.64002,  0.00000
  583.00100,      500,      183,    2.000000,0.000000,    11.66002, 11.66002,  0.00000
  584.00100,      500,      184,    2.000000,0.000000,    11.68002, 11.68002,  0.00000
  585.00100,      500,      185,    2.000000,0.000000,    11.70002, 11.70002,  0.00000
  586.00100,      500,      186,    2.000000,0.000000,    11.72002, 11.72002,  0.00000
  587.00100,      500,      187,    2.000000,0.000000,    11.74002, 11.74002,  0.00000
  588.00100,      500,      188,    2.000000,0.000000,    11.76002, 11.76002,  0.00000
  589.00100,      500,      189,    2.000000,0.000000,    11.78002, 11.78002,  0.00000
  590.00100,      500,      190,    2.000000,0.000000,    11.80002, 11.80002,  0.00000
  591.00100,      500,      191,    2.000000,0.000000,    11.82002, 11.82002,  0.00000
  592.00100,      500,      192,    2.000000,0.000000,    11.84002, 11.84002,  0.00000
  593.00100,      500,      193,    2.000000,0.000000,    11.86002, 11.86002,  0.00000
  594.00100,      500,      194,    2.000000,0.000000,    11.88002, 11.88002,  0.00000
  595.00100,      500,      195,    2.000000,0.000000,    11.90002, 11.90002,  0.00000
  596.00100,      500,      196,    2.000000,0.000000,    11.92002, 11.92002,  0.00000
  597.00100,      500,      197,    2.000000,0.000000,    11.94002, 11.94002,  0.00000
  598.00100,      500,      198,    2.000000,0.000000,    11.96002, 11.96002,  0.00000
  599.00100,      500,      199,    2.000000,0.000000,    11.98002, 11.98002,  0.00000
  600.00100,      500,      200,    2.000000,0.000000,    12.00002, 12.00002,  0.00000
  601.00100,      500,      201,    2.000000,0.000000,    12.02002, 12.02002,  0.00000
  602.00100,      500,      202,    2.000000,0.000000,    12.04002, 12.04002,  0.00000
  603.00100,      500,      203,    2.000000,0.000000,    12.06002, 12.06002,  0.00000
  604.00100,      500,      204,    2.000000,0.000000,    12.08002, 12.08002,  0.00000
  605.00100,      500,      205,    2.000000,0.000000,    12.10002, 12.10002,  0.00000
  606.00100,      500,      206,    2.000000,0.000000,    12.12002, 12.12002,  0.00000
  607.00100,      500,      207,    2.000000,0.000000,    12.14002, 12.14002,  0.00000
  608.00100,      500,      208,    2.000000,0.000000,    12.16002, 12.16002,  0.00000
  609.00100,      500,      209,    2.000000,0.000000,    12.18002, 12.18002,  0.00000
  610.00100,      500,      210,    2.000000,0.000000,    12.20002, 12.20002,  0.00000
  611.00100,      500,      211,    2.000000,0.000000,    12.22002, 12.22002,  0.00000
  612.00100,      500,      212,    2.000000,0.000000,    12.24002, 12.24002,  0.00000
  613.00100,      500,      213,    2.000000,0.000000,    12.26002, 12.26002,  0.00000
  614.00100,      500,      214,    2.000000,0.000000,    12.28002, 12.28002,  0.00000
  615.00100,      500,      215,    2.000000,0.000000,    12.30002, 12.30002,  0.00000
  616.00100,      500,      216,    2.000000,0.000000,    12.32002, 12.32002,  0.00000
  617.00100,      500,      217,    2.000000,0.000000,    12.34002, 12.34002,  0.00000
  618.00100,      500,      218,    2.000000,0.000000,    12.36002, 12.36002,  0.00000
  619.00100,      500,      219,    2.000000,0.000000,    12.38002, 12.38002,  0.00000
  620.00100,      500,      220,    2.000000,0.000000,    12.40002, 12.40002,  0.00000
  621.00100,      500,      221,    2.000000,0.000000,    12.42002, 12.42002,  0.00000
  622.00100,      500,      222,    2.000000,0.000000,    12.44002, 12.44002,  0.00000
  623.00100,      500,      223,    2.000000,0.000000,    12.46002, 12.46002,  0.00000
  624.00100,      500,      224,    2.000000,0.000000,    12.48002, 12.48002,  0.00000
  625.00100,      500,      225,    2.000000,0.000000,    12.50002, 12.50002,  0.00000
  626.00100,      500,      226,    2.000000,0.000000,    12.52002, 12.52002,  0.00000
  627.00100,      500,      227,    2.000000,0.000000,    12.54002, 12.54002,  0.00000
  628.00100,      500,      228,    2.000000,0.000000,    12.56002, 12.56002,  0.00000
  629.00100,      500,      229,    2.000000,0.000000,    12.58002, 12.58002,  0.00000
  630.00100,      500,      230,    2.000000,0.000000,    12.60002, 12.60002,  0.00000
  631.00100,      500,      231,    2.000000,0.000000,    12.62002, 12.62002,  0.00000
  632.00100,      500,      232,    2.000000,0.000000,    12.64002, 12.64002,  0.00000
  633.00100,      500,      233,    2.000000,0.000000,    12.66002, 12.66002,  0.00000
  634.00100,      500,      234,    2.000000,0.000000,    12.68002, 12.68002,  0.00000
  635.00100,      500,      235,    2.000000,0.000000,    12.70002, 12.70002,  0.00000
  636.00100,      500,      236,    2.000000,0.000000,    12.72002, 12.72002,  0.00000
  637.00100,      500,      237,    2.000000,0.000000,    12.74002, 12.74002,  0.00000
  638.00100,      500,      238,    2.000000,0.000000,    12.76002, 12.76002,  0.00000
  639.00100,      500,      239,    2.000000,0.000000,    12.78002, 12.78002,  0.00000
  640.00100,      500,      240,    2.000000,0.000000,    12.80002, 12.80002,  0.00000
  641.00100,      500,      241,    2.000000,0.000000,    12.82002, 12.82002,  0.00000
  642.00100,      500,      242,    2.000000,0.000000,    12.84002, 12.84002,  0.00000
  643.00100,      500,      243,    2.000000,0.000000,    12.86002, 12.86002,  0.00000
  644.00100,      500,      244,    2.000000,0.000000,    12.88002, 12.88002,  0.00000
  645.00100,      500,      245,    2.000000,0.000000,    12.90002, 12.90002,  0.00000
  646.00100,      500,      246,    2.000000,0.000000,    12.92002, 12.92002,  0.00000
  647.00100,      500,      247,    2.000000,0.000000,    12.94002, 12.94002,  0.00000
  648.00100,      500,      248,    2.000000,0.000000,    12.96002, 12.96002,  0.00000
  649.00100,      500,      249,    2.000000,0.000000,    12.98002, 12.98002,  0.00000
  650.00100,      500,      250,    2.000000,0.000000,    13.00002, 13.00002,  0.00000
  651.00100,      500,      251,    2.000000,0.000000,    13.02002, 13.02002,  0.00000
  652.00100,      500,      252,    2.000000,0.000000,    13.04002, 13.04002,  0.00000
  653.00100,      500,      253,    2.000000,0.000000,    13.06002, 13.06002,  0.00000
  654.00100,      500,      254,    2.000000,0.000000,    13.08002, 13.08002,  0.00000
  655.00100,      500,      255,    2.000000,0.000000,    13.10002, 13.10002,  0.00000
  656.00100,      500,      256,    2.000000,0.000000,    13.12002, 13.12002,  0.00000
  657.00100,      500,      257,    2.000000,0.000000,    13.14002, 13.14002,  0.00000
  658.00100,      500,      258,    2.000000,0.000000,    13.16002, 13.16002,  0.00000
  659.00100,      500,      259,    2.000000,0.000000,    13.18002, 13.18002,  0.00000
  660.00100,      500,      260,    2.000000,0.000000,    13.20002, 13.20002,  0.00000
  661.00100,      500,      261,    2.000000,0.000000,    13.22002, 13.22002,  0.00000
  662.00100,      500,      262,    2.000000,0.000000,    13.24002, 13.24002,  0.00000
  663.00100,      500,      263,    2.000000,0.000000,    13.26002, 13.26002,  0.00000
  664.00100,      500,      264,    2.000000,0.000000,    13.28002, 13.28002,  0.00000
  665.00100,      500,      265,    2.000000,0.000000,    13.30002, 13.30002,  0.00000
  666.00100,      500,      266,    2.000000,0.000000,    13.32002, 13.32002,  0.00000
  667.00100,      500,      267,    2.000000,0.000000,    13.34002, 13.34002,  0.00000
  668.00100,      500,      268,    2.000000,0.000000,    13.36002, 13.36002,  0.00000
  669.00100,      500,      269,    2.000000,0.000000,    13.38002, 13.38002,  0.00000
  670.00100,      500,      270,    2.000000,0.000000,    13.40002, 13.40002,  0.00000
  671.00100,      500,      271,    2.000000,0.000000,    13.42002, 13.42002,  0.00000
  672.00100,      500,      272,    2.000000,0.000000,    13.44002, 13.44002,  0.00000
  673.00100,      500,      273,    2.000000,0.000000,    13.46002, 13.46002,  0.00000
  674.00100,      500,      274,    2.000000,0.000000,    13.48002, 13.48002,  0.00000
  675.00100,      500,      275,    2.000000,0.000000,    13.50002, 13.50002,  0.00000
  676.00100,      500,      276,    2.000000,0.000000,    13.52002, 13.52002,  0.00000
  677.00100,      500,      277,    2.000000,0.000000,    13.54002, 13.54002,  0.00000
  678.00100,      500,      278,    2.000000,0.000000,    13.56002, 13.56002,  0.00000
  679.00100,      500,      279,    2.000000,0.000000,    13.58002, 13.58002,  0.00000
  680.00100,      500,      280,    2.000000,0.000000,    13.60002, 13.60002,  0.00000
  681.00100,      500,      281,    2.000000,0.000000,    13.62002, 13.62002,  0.00000
  682.00100,      500,      282,    2.000000,0.000000,    13.64002, 13.64002,  0.00000
  683.00100,      500,      283,    2.000000,0.000000,    13.66002, 13.66002,  0.00000
  684.00100,      500,      284,    2.000000,0.000000,    13.68002, 13.68002,  0.00000
  685.00100,      500,      285,    2.000000,0.000000,    13.70002, 13.70002,  0.00000
  686.00100,      500,      286,    2.000000,0.000000,    13.72002, 13.72002,  0.00000
  687.00100,      500,      287,    2.000000,0.000000,    13.74002, 13.74002,  0.00000
  688.00100,      500,      288,    2.000000,0.000000,    13.76002, 13.76002,  0.00000
  689.00100,      500,      289,    2.000000,0.000000,    13.78002, 13.78002,  0.00000
  690.00100,      500,      290,    2.000000,0.000000,    13.80002, 13.80002,  0.00000
  691.00100,      500,      291,    2.000000,0.000000,    13.82002, 13.82002,  0.00000
  692.00100,      500,      292,    2.000000,0.000000,    13.84002, 13.84002,  0.00000
  693.00100,      500,      293,    2.000000,0.000000,    13.86002, 13.86002,  0.00000
  694.00100,      500,      294,    2.000000,0.000000,    13.88002, 13.88002,  0.00000
  695.00100,      500,      295,    2.000000,0.000000,    13.90002, 13.90002,  0.00000
  696.00100,      500,      296,    2.000000,0.000000,    13.92002, 13.92002,  0.00000
  697.00100,      500,      297,    2.000000,0.000000,    13.94002, 13.94002,  0.00000
  698.00100,      500,      298,    2.000000,0.000000,    13.96002, 13.96002,  0.00000
  699.00100,      500,      299,    2.000000,0.000000,    13.98002, 13.98002,  0.00000
  700.00100,      500,      300,    2.000000,0.000000,    14.00002, 14.00002,  0.00000
  701.00100,      500,      301,    2.000000,0.000000,    14.02002, 14.02002,  0.00000
  702.00100,      500,      302,    2.000000,0.000000,    14.04002, 14.04002,  0.00000
  703.00100,      500,      303,    2.000000,0.000000,    14.06002, 14.06002,  0.00000
  704.00100,      500,      304,    2.000000,0.000000,    14.08002, 14.08002,  0.00000
  705.00100,      500,      305,    2.000000,0.000000,    14.10002, 14.10002,  0.00000
  706.00100,      500,      306,    2.000000,0.000000,    14.12002, 14.12002,  0.00000
  707.00100,      500,      307,    2.000000,0.000000,    14.14002, 14.14002,  0.00000
  708.00100,      500,      308,    2.000000,0.000000,    14.16002, 14.16002,  0.00000
  709.00100,      500,      309,    2.000000,0.000000,    14.18002, 14.18002,  0.00000
  710.00100,      500,      310,    2.000000,0.000000,    14.20002, 14.20002,  0.00000
  711.00100,      500,      311,    2.000000,0.000000,    14.22002, 14.22002,  0.00000
  712.00100,      500,      312,    2.000000,0.000000,    14.24002, 14.24002,  0.00000
  713.00100,      500,      313,    2.000000,0.000000,    14.26002, 14.26002,  0.00000
  714.00100,      500,      314,    2.000000,0.000000,    14.28002, 14.28002,  0.00000
  715.00100,      500,      315,    2.000000,0.000000,    14.30002, 14.30002,  0.00000
  716.00100,      500,      316,    2.000000,0.000000,    14.32002, 14.32002,  0.00000
  717.00100,      500,      317,    2.000000,0.000000,    14.34002, 14.34002,  0.00000
  718.00100,      500,      318,    2.000000,0.000000,    14.36002, 14.36002,  0.00000
  719.00100,      500,      319,    2.000000,0.000000,    14.38002, 14.38002,  0.00000
  720.00100,      500,      320,    2.000000,0.000000,    14.40002, 14.40002,  0.00000
  721.00100,      500,      321,    2.000000,0.000000,    14.42002, 14.42002,  0.00000
  722.00100,      500,      322,    2.000000,0.000000,    14.44002, 14.44002,  0.00000
  723.00100,      500,      323,    2.000000,0.000000,    14.46002, 14.46002,  0.00000
  724.00100,      500,      324,    2.000000,0.000000,    14.48002, 14.48002,  0.00000
  725.00100,      500,      325,    2.000000,0.000000,    14.50002, 14.50002,  0.00000
  726.00100,      500,      326,    2.000000,0.000000,    14.52002, 14.52002,  0.00000
  727.00100,      500,      327,    2.000000,0.000000,    14.54002, 14.54002,  0.00000
  728.00100,      500,      328,    2.000000,0.000000,    14.56002, 14.56002,  0.00000
  729.00100,      500,      329,    2.000000,0.000000,    14.58002, 14.58002,  0.00000
  730.00100,      500,      330,    2.000000,0.000000,    14.60002, 14.60002,  0.00000
  731.00100,      500,      331,    2.000000,0.000000,    14.62002, 14.62002,  0.00000
  732.00100,      500,      332,    2.000000,0.000000,    14.64002, 14.64002,  0.00000
  733.00100,      500,      333,    2.000000,0.000000,    14.66002, 14.66002,  0.00000
  734.00100,      500,      334,    2.000000,0.000000,    14.68002, 14.68002,  0.00000
  735.00100,      500,      335,    2.000000,0.000000,    14.70002, 14.70002,  0.00000
  736.00100,      500,      336,    2.000000,0.000000,    14.72002, 14.72002,  0.00000
  737.00100,      500,      337,    2.000000,0.000000,    14.74002, 14.74002,  0.00000
  738.00100,      500,      338,    2.000000,0.000000,    14.76002, 14.76002,  0.00000
  739.00100,      500,      339,    2.000000,0.000000,    14.78002, 14.78002,  0.00000
  740.00100,      500,      340,    2.000000,0.000000,    14.80002, 14.80002,  0.00000
  741.00100,      500,      341,    2.000000,0.000000,    14.82002, 14.82002,  0.00000
  742.00100,      500,      342,    2.000000,0.000000,    14.84002, 14.84002,  0.00000
  743.00100,      500,      343,    2.000000,0.000000,    14.86002, 14.86002,  0.00000
  744.00100,      500,      344,    2.000000,0.000000,    14.88002, 14.88002,  0.00000
  745.00100,      500,      345,    2.000000,0.000000,    14.90002, 14.90002,  0.00000
  746.00100,      500,      346,    2.000000,0.000000,    14.92002, 14.92002,  0.00000
  747.00100,      500,      347,    2.000000,0.000000,    14.94002, 14.94002,  0.00000
  748.00100,      500,      348,    2.000000,0.000000,    14.96002, 14.96002,  0.00000
  749.00100,      500,      349,    2.000000,0.000000,    14.98002, 14.98002,  0.00000
  750.00100,      500,      350,    2.000000,0.000000,    15.00002, 15.00002,  0.00000
  751.00100,      500,      351,    2.000000,0.000000,    15.02002, 15.02002,  0.00000
  752.00100,      500,      352,    2.000000,0.000000,    15.04002, 15.04002,  0.00000
  753.00100,      500,      353,    2.000000,0.000000,    15.06002, 15.06002,  0.00000
  754.00100,      500,      354,    2.000000,0.000000,    15.08002, 15.08002,  0.00000
  755.00100,      500,      355,    2.000000,0.000000,    15.10002, 15.10002,  0.00000
  756.00100,      500,      356,    2.000000,0.000000,    15.12002, 15.12002,  0.00000
  757.00100,      500,      357,    2.000000,0.000000,    15.14002, 15.14002,  0.00000
  758.00100,      500,      358,    2.000000,0.000000,    15.16002, 15.16002,  0.00000
  759.00100,      500,      359,    2.000000,0.000000,    15.18002, 15.18002,  0.00000
  760.00100,      500,      360,    2.000000,0.000000,    15.20002, 15.20002,  0.00000
  761.00100,      500,      361,    2.000000,0.000000,    15.22002, 15.22002,  0.00000
  762.00100,      500,      362,    2.000000,0.000000,    15.24002, 15.24002,  0.00000
  763.00100,      500,      363,    2.000000,0.000000,    15.26002, 15.26002,  0.00000
  764.00100,      500,      364,    2.000000,0.000000,    15.28002, 15.28002,  0.00000
  765.00100,      500,      365,    2.000000,0.000000,    15.30002, 15.30002,  0.00000
  766.00100,      500,      366,    2.000000,0.000000,    15.32002, 15.32002,  0.00000
  767.00100,      500,      367,    2.000000,0.000000,    15.34002, 15.34002,  0.00000
  768.00100,      500,      368,    2.000000,0.000000,    15.36002, 15.36002,  0.00000
  769.00100,      500,      369,    2.000000,0.000000,    15.38002, 15.38002,  0.00000
  770.00100,      500,      370,    2.000000,0.000000,    15.40002, 15.40002,  0.00000
  771.00100,      500,      371,    2.000000,0.000000,    15.42002, 15.42002,  0.00000
  772.00100,      500,      372,    2.000000,0.000000,    15.44002, 15.44002,  0.00000
  773.00100,      500,      373,    2.000000,0.000000,    15.46002, 15.46002,  0.00000
  774.00100,      500,      374,    2.000000,0.000000,    15.48002, 15.48002,  0.00000
  775.00100,      500,      375,    2.000000,0.000000,    15.50002, 15.50002,  0.00000
  776.00100,      500,      376,    2.000000,0.000000,    15.52002, 15.52002,  0.00000
  777.00100,      500,      377,    2.000000,0.000000,    15.54002, 15.54002,  0.00000
  778.00100,      500,      378,    2.000000,0.000000,    15.56002, 15.56002,  0.00000
  779.00100,      500,      379,    2.000000,0.000000,    15.58002, 15.58002,  0.00000
  780.00100,      500,      380,    2.000000,0.000000,    15.60002, 15.60002,  0.00000
  781.00100,      500,      381,    2.000000,0.000000,    15.62002, 15.62002,  0.00000
  782.00100,      500,      382,    2.000000,0.000000,    15.64002, 15.64002,  0.00000
  783.00100,      500,      383,    2.000000,0.000000,    15.66002, 15.66002,  0.00000
  784.00100,      500,      384,    2.000000,0.000000,    15.68002, 15.68002,  0.00000
  785.00100,      500,      385,    2.000000,0.000000,    15.70002, 15.70002,  0.00000
  786.00100,      500,      386,    2.000000,0.000000,    15.72002, 15.72002,  0.00000
  787.00100,      500,      387,    2.000000,0.000000,    15.74002, 15.74002,  0.00000
  788.00100,      500,      388,    2.000000,0.000000,    15.76002, 15.76002,  0.00000
  789.00100,      500,      389,    2.000000,0.000000,    15.78002, 15.78002,  0.00000
  790.00100,      500,      390,    2.000000,0.000000,    15.80002, 15.80002,  0.00000
  791.00100,      500,      391,    2.000000,0.000000,    15.82002, 15.82002,  0.00000
  792.00100,      500,      392,    2.000000,0.000000,    15.84002, 15.84002,  0.00000
  793.00100,      500,      393,    2.000000,0.000000,    15.86002, 15.86002,  0.00000
  794.00100,      500,      394,    2.000000,0.000000,    15.88002, 15.88002,  0.00000
  795.00100,      500,      395,    2.000000,0.000000,    15.90002, 15.90002,  0.00000
  796.00100,      500,      396,    2.000000,0.000000,    15.92002, 15.92002,  0.00000
  797.00100,      500,      397,    2.000000,0.000000,    15.94002, 15.94002,  0.00000
  798.00100,      500,      398,    2.000000,0.000000,    15.96002, 15.96002,  0.00000
  799.00100,      500,      399,    2.000000,0.000000,    15.98002, 15.98002,  0.00000
  800.00100,      500,      400,    2.000000,0.000000,    16.00002, 16.00002,  0.00000
  801.00100,      500,      401,    2.000000,0.000000,    16.02002, 16.02002,  0.00000
  802.00100,      500,      402,    2.000000,0.000000,    16.04002, 16.04002,  0.00000
  803.00100,      500,      403,    2.000000,0.000000,    16.06002, 16.06002,  0.00000
  804.00100,      500,      404,    2.000000,0.000000,    16.08002, 16.08002,  0.00000
  805.00100,      500,      405,    2.000000,0.000000,    16.10002, 16.10002,  0.00000
  806.00100,      500,      406,    2.000000,0.000000,    16.12002, 16.12002,  0.00000
  807.00100,      500,      407,    2.000000,0.000000,    16.14002, 16.14002,  0.00000
  808.00100,      500,      408,    2.000000,0.000000,    16.16002, 16.16002,  0.00000
  809.00100,      500,      409,    2.000000,0.000000,    16.18002, 16.18002,  0.00000
  810.00100,      500,      410,    2.000000,0.000000,    16.20002, 16.20002,  0.00000
  811.00100,      500,      411,    2.000000,0.000000,    16.22002, 16.22002,  0.00000
  812.00100,      500,      412,    2.000000,0.000000,    16.24002, 16.24002,  0.00000
  813.00100,      500,      413,    2.000000,0.000000,    16.26002, 16.26002,  0.00000
  814.00100,      500,      414,    2.000000,0.000000,    16.28002, 16.28002,  0.00000
  815.00100,      500,      415,    2.000000,0.000000,    16.30002, 16.30002,  0.00000
  816.00100,      500,      416,    2.000000,0.000000,    16.32002, 16.32002,  0.00000
  817.00100,      500,      417,    2.000000,0.000000,    16.34002, 16.34002,  0.00000
  818.00100,      500,      418,    2.000000,0.000000,    16.36002, 16.36002,  0.00000
  819.00100,      500,      419,    2.000000,0.000000,    16.38002, 16.38002,  0.00000
  820.00100,      500,      420,    2.000000,0.000000,    16.40002, 16.40002,  0.00000
  821.00100,      500,      421,    2.000000,0.000000,    16.42002, 16.42002,  0.00000
  822.00100,      500,      422,    2.000000,0.000000,    16.44002, 16.44002,  0.00000
  823.00100,      500,      423,    2.000000,0.000000,    16.46002, 16.46002,  0.00000
  824.00100,      500,      424,    2.000000,0.000000,    16.48002, 16.48002,  0.00000
  825.00100,      500,      425,    2.000000,0.000000,    16.50002, 16.50002,  0.00000
  826.00100,      500,      426,    2.000000,0.000000,    16.52002, 16.52002,  0.00000
  827.00100,      500,      427,    2.000000,0.000000,    16.54002, 16.54002,  0.00000
  828.00100,      500,      428,    2.000000,0.000000,    16.56002, 16.56002,  0.00000
  829.00100,      500,      429,    2.000000,0.000000,    16.58002, 16.58002,  0.00000
  830.00100,      500,      430,    2.000000,0.000000,    16.60002, 16.60002,  0.00000
  831.00100,      500,      431,    2.000000,0.000000,    16.62002, 16.62002,  0.00000
  832.00100,      500,      432,    2.000000,0.000000,    16.64002, 16.64002,  0.00000
  833.00100,      500,      433,    2.000000,0.000000,    16.66002, 16.66002,  0.00000
  834.00100,      500,      434,    2.000000,0.000000,    16.68002, 16.68002,  0.00000
  835.00100,      500,      435,    2.000000,0.000000,    16.70002, 16.70002,  0.00000
  836.00100,      500,      436,    2.000000,0.000000,    16.72002, 16.72002,  0.00000
  837.00100,      500,      437,    2.000000,0.000000,    16.74002, 16.74002,  0.00000
  838.00100,      500,      438,    2.000000,0.000000,    16.76002, 16.76002,  0.00000
  839.00100,      500,      439,    2.000000,0.000000,    16.78002, 16.78002,  0.00000
  840.00100,      500,      440,    2.000000,0.000000,    16.80002, 16.80002,  0.00000
  841.00100,      500,      441,    2.000000,0.000000,    16.82002, 16.82002,  0.00000
  842.00100,      500,      442,    2.000000,0.000000,    16.84002, 16.84002,  0.00000
  843.00100,      500,      443,    2.000000,0.000000,    16.86002, 16.86002,  0.00000
  844.00100,      500,      444,    2.000000,0.000000,    16.88002, 16.88002,  0.00000
  845.00100,      500,      445,    2.000000,0.000000,    16.90002, 16.90002,  0.00000
  846.00100,      500,      446,    2.000000,0.000000,    16.92002, 16.92002,  0.00000
  847.00100,      500,      447,    2.000000,0.000000,    16.94002, 16.94002,  0.00000
  848.00100,      500,      448,    2.000000,0.000000,    16.96002, 16.96002,  0.00000
  849.00100,      500,      449,    2.000000,0.000000,    16.98002, 16.98002,  0.00000
  850.00100,      500,      450,    2.000000,0.000000,    17.00002, 17.00002,  0.00000
  851.00100,      500,      451,    2.000000,0.000000,    17.02002, 17.02002,  0.00000
  852.00100,      500,      452,    2.000000,0.000000,    17.04002, 17.04002,  0.00000
  853.00100,      500,      453,    2.000000,0.000000,    17.06002, 17.06002,  0.00000
  854.00100,      500,      454,    2.000000,0.000000,    17.08002, 17.08002,  0.00000
  855.00100,      500,      455,    2.000000,0.000000,    17.10002, 17.10002,  0.00000
  856.00100,      500,      456,    2.000000,0.000000,    17.12002, 17.12002,  0.00000
  857.00100,      500,      457,    2.000000,0.000000,    17.14002, 17.14002,  0.00000
  858.00100,      500,      458,    2.000000,0.000000,    17.16002, 17.16002,  0.00000
  859.00100,      500,      459,    2.000000,0.000000,    17.18002, 17.18002,  0.00000
  860.00100,      500,      460,    2.000000,0.000000,    17.20002, 17.20002,  0.00000
  861.00100,      500,      461,    2.000000,0.000000,    17.22002, 17.22002,  0.00000
  862.00100,      500,      462,    2.000000,0.000000,    17.24002, 17.24002,  0.00000
  863.00100,      500,      463,    2.000000,0.000000,    17.26002, 17.26002,  0.00000
  864.00100,      500,      464,    2.000000,0.000000,    17.28002, 17.28002,  0.00000
  865.00100,      500,      465,    2.000000,0.000000,    17.30002, 17.30002,  0.00000
  866.00100,      500,      466,    2.000000,0.000000,    17.32002, 17.32002,  0.00000
  867.00100,      500,      467,    2.000000,0.000000,    17.34002, 17.34002,  0.00000
  868.00100,      500,      468,    2.000000,0.000000,    17.36002, 17.36002,  0.00000
  869.00100,      500,      469,    2.000000,0.000000,    17.38002, 17.38002,  0.00000
  870.00100,      500,      470,    2.000000,0.000000,    17.40002, 17.40002,  0.00000
  871.00100,      500,      471,    2.000000,0.000000,    17.42002, 17.42002,  0.00000
  872.00100,      500,      472,    2.000000,0.000000,    17.44002, 17.44002,  0.00000
  873.00100,      500,      473,    2.000000,0.000000,    17.46002, 17.46002,  0.00000
  874.00100,      500,      474,    2.000000,0.000000,    17.48002, 17.48002,  0.00000
  875.00100,      500,      475,    2.000000,0.000000,    17.50002, 17.50002,  0.00000
  876.00100,      500,      476,    2.000000,0.000000,    17.52002, 17.52002,  0.00000
  877.00100,      500,      477,    2.000000,0.000000,    17.54002, 17.54002,  0.00000
  878.00100,      500,      478,    2.000000,0.000000,    17.56002, 17.56002,  0.00000
  879.00100,      500,      479,    2.000000,0.000000,    17.58002, 17.58002,  0.00000
  880.00100,      500,      480,    2.000000,0.000000,    17.60002, 17.60002,  0.00000
  881.00100,      500,      481,    2.000000,0.000000,    17.62002, 17.62002,  0.00000
  882.00100,      500,      482,    2.000000,0.000000,    17.64002, 17.64002,  0.00000
  883.00100,      500,      483,    2.000000,0.000000,    17.66002, 17.66002,  0.00000
  884.00100,      500,      484,    2.000000,0.000000,    17.68002, 17.68002,  0.00000
  885.00100,      500,      485,    2.000000,0.000000,    17.70002, 17.70002,  0.00000
  886.00100,      500,      486,    2.000000,0.000000,    17.72002, 17.72002,  0.00000
  887.00100,      500,      487,    2.000000,0.000000,    17.74002, 17.74002,  0.00000
  888.00100,      500,      488,    2.000000,0.000000,    17.76002, 17.76002,  0.00000
  889.00100,      500,      489,    2.000000,0.000000,    17.78002, 17.78002,  0.00000
  890.00100,      500,      490,    2.000000,0.000000,    17.80002, 17.80002,  0.00000
  891.00100,      500,      491,    2.000000,0.000000,    17.82002, 17.82002,  0.00000
  892.00100,      500,      492,    2.000000,0.000000,    17.84002, 17.84002,  0.00000
  893.00100,      500,      493,    2.000000,0.000000,    17.86002, 17.86002,  0.00000
  894.00100,      500,      494,    2.000000,0.000000,    17.88002, 17.88002,  0.00000
  895.00100,      500,      495,    2.000000,0.000000,    17.90002, 17.90002,  0.00000
  896.00100,      500,      496,    2.000000,0.000000,    17.92002, 17.92002,  0.00000
  897.00100,      500,      497,    2.000000,0.000000,    17.94002, 17.94002,  0.00000
  898.00100,      500,      498,    2.000000,0.000000,    17.96002, 17.96002,  0.00000
  899.00100,      500,      499,    2.000000,0.000000,    17.98002, 17.98002,  0.00000
  900.00100,      500,      500,    2.000000,0.000000,    18.00002, 18.00002,  0.00000
  901.00100,      500,      501,    2.000000,0.000000,    18.02002, 18.02002,  0.00000
  902.00100,      500,      502,    2.000000,0.000000,    18.04002, 18.04002,  0.00000
  903.00100,      500,      503,    2.000000,0.000000,    18.06002, 18.06002,  0.00000
  904.00100,      500,      504,    2.000000,0.000000,    18.08002, 18.08002,  0.00000
  905.00100,      500,      505,    2.000000,0.000000,    18.10002, 18.10002,  0.00000
  906.00100,      500,      506,    2.000000,0.000000,    18.12002, 18.12002,  0.00000
  907.00100,      500,      507,    2.000000,0.000000,    18.14002, 18.14002,  0.00000
  908.00100,      500,      508,    2.000000,0.000000,    18.16002, 18.16002,  0.00000
  909.00100,      500,      509,    2.000000,0.000000,    18.18002, 18.18002,  0.00000
  910.00100,      500,      510,    2.000000,0.000000,    18.20002, 18.20002,  0.00000
  911.00100,      500,      511,    2.000000,0.000000,    18.22002, 18.22002,  0.00000
  912.00100,      500,      512,    2.000000,0.000000,    18.24002, 18.24002,  0.00000
  913.00100,      500,      513,    2.000000,0.000000,    18.26002, 18.26002,  0.00000
  914.00100,      500,      514,    2.000000,0.000000,    18.28002, 18.28002,  0.00000
  915.00100,      500,      515,    2.000000,0.000000,    18.30002, 18.30002,  0.00000
  916.00100,      500,      516,    2.000000,0.000000,    18.32002, 18.32002,  0.00000
  917.00100,      500,      517,    2.000000,0.000000,    18.34002, 18.34002,  0.00000
  918.00100,      500,      518,    2.000000,0.000000,    18.36002, 18.36002,  0.00000
  919.00100,      500,      519,    2.000000,0.000000,    18.38002, 18.38002,  0.00000
  920.00100,      500,      520,    2.000000,0.000000,    18.40002, 18.40002,  0.00000
  921.00100,      500,      521,    2.000000,0.000000,    18.42002, 18.42002,  0.00000
  922.00100,      500,      522,    2.000000,0.000000,    18.44002, 18.44002,  0.00000
  923.00100,      500,      523,    2.000000,0.000000,    18.46002, 18.46002,  0.00000
  924.00100,      500,      524,    2.000000,0.000000,    18.48002, 18.48002,  0.00000
  925.00100,      500,      525,    2.000000,0.000000,    18.50002, 18.50002,  0.00000
  926.00100,      500,      526,    2.000000,0.000000,    18.52002, 18.52002,  0.00000
  927.00100,      500,      527,    2.000000,0.000000,    18.54002, 18.54002,  0.00000
  928.00100,      500,      528,    2.000000,0.000000,    18.56002, 18.56002,  0.00000
  929.00100,      500,      529,    2.000000,0.000000,    18.58002, 18.58002,  0.00000
  930.00100,      500,      530,    2.000000,0.000000,    18.60002, 18.60002,  0.00000
  931.00100,      500,      531,    2.000000,0.000000,    18.62002, 18.62002,  0.00000
  932.00100,      500,      532,    2.000000,0.000000,    18.64002, 18.64002,  0.00000
  933.00100,      500,      533,    2.000000,0.000000,    18.66002, 18.66002,  0.00000
  934.00100,      500,      534,    2.000000,0.000000,    18.68002, 18.68002,  0.00000
  935.00100,      500,      535,    2.000000,0.000000,    18.70002, 18.70002,  0.00000
  936.00100,      500,      536,    2.000000,0.000000,    18.72002, 18.72002,  0.00000
  937.00100,      500,      537,    2.000000,0.000000,    18.74002, 18.74002,  0.00000
  938.00100,      500,      538,    2.000000,0.000000,    18.76002, 18.76002,  0.00000
  939.00100,      500,      539,    2.000000,0.000000,    18.78002, 18.78002,  0.00000
  940.00100,      500,      540,    2.000000,0.000000,    18.80002, 18.80002,  0.00000
  941.00100,      500,      541,    2.000000,0.000000,    18.82002, 18.82002,  0.00000
  942.00100,      500,      542,    2.000000,0.000000,    18.84002, 18.84002,  0.00000
  943.00100,      500,      543,    2.000000,0.000000,    18.86002, 18.86002,  0.00000
  944.00100,      500,      544,    2.000000,0.000000,    18.88002, 18.88002,  0.00000
  945.00100,      500,      545,    2.000000,0.000000,    18.90002, 18.90002,  0.00000
  946.00100,      500,      546,    2.000000,0.000000,    18.92002, 18.92002,  0.00000
  947.00100,      500,      547,    2.000000,0.000000,    18.94002, 18.94002,  0.00000
  948.00100,      500,      548,    2.000000,0.000000,    18.96002, 18.96002,  0.00000
  949.00100,      500,      549,    2.000000,0.000000,    18.98002, 18.98002,  0.00000
  950.00100,      500,      550,    2.000000,0.000000,    19.00002, 19.00002,  0.00000
  951.00100,      500,      551,    2.000000,0.000000,    19.02002, 19.02002,  0.00000
  952.00100,      500,      552,    2.000000,0.000000,    19.04002, 19.04002,  0.00000
  953.00100,      500,      553,    2.000000,0.000000,    19.06002, 19.06002,  0.00000
  954.00100,      500,      554,    2.000000,0.000000,    19.08002, 19.08002,  0.00000
  955.00100,      500,      555,    2.000000,0.000000,    19.10002, 19.10002,  0.00000
  956.00100,      500,      556,    2.000000,0.000000,    19.12002, 19.12002,  0.00000
  957.00100,      500,      557,    2.000000,0.000000,    19.14002, 19.14002,  0.00000
  958.00100,      500,      558,    2.000000,0.000000,    19.16002, 19.16002,  0.00000
  959.00100,      500,      559,    2.000000,0.000000,    19.18002, 19.18002,  0.00000
  960.00100,      500,      560,    2.000000,0.000000,    19.20002, 19.20002,  0.00000
  961.00100,      500,      561,    2.000000,0.000000,    19.22002, 19.22002,  0.00000
  962.00100,      500,      562,    2.000000,0.000000,    19.24002, 19.24002,  0.00000
  963.00100,      500,      563,    2.000000,0.000000,    19.26002, 19.26002,  0.00000
  964.00100,      500,      564,    2.000000,0.000000,    19.28002, 19.28002,  0.00000
  965.00100,      500,      565,    2.000000,0.000000,    19.30002, 19.30002,  0.00000
  966.00100,      500,      566,    2.000000,0.000000,    19.32002, 19.32002,  0.00000
  967.00100,      500,      567,    2.000000,0.000000,    19.34002, 19.34002,  0.00000
  968.00100,      500,      568,    2.000000,0.000000,    19.36002, 19.36002,  0.00000
  969.00100,      500,      569,    2.000000,0.000000,    19.38002, 19.38002,  0.00000
  970.00100,      500,      570,    2.000000,0.000000,    19.40002, 19.40002,  0.00000
  971.00100,      500,      571,    2.000000,0.000000,    19.42002, 19.42002,  0.00000
  972.00100,      500,      572,    2.000000,0.000000,    19.44002, 19.44002,  0.00000
  973.00100,      500,      573,    2.000000,0.000000,    19.46002, 19.46002,  0.00000
  974.00100,      500,      574,    2.000000,0.000000,    19.48002, 19.48002,  0.00000
  975.00100,      500,      575,    2.000000,0.000000,    19.50002, 19.50002,  0.00000
  976.00100,      500,      576,    2.000000,0.000000,    19.52002, 19.52002,  0.00000
  977.00100,      500,      577,    2.000000,0.000000,    19.54002, 19.54002,  0.00000
  978.00100,      500,      578,    2.000000,0.000000,    19.56002, 19.56002,  0.00000
  979.00100,      500,      579,    2.000000,0.000000,    19.58002, 19.58002,  0.00000
  980.00100,      500,      580,    2.000000,0.000000,    19.60002, 19.60002,  0.00000
  981.00100,      500,      581,    2.000000,0.000000,    19.62002, 19.62002,  0.00000
  982.00100,      500,      582,    2.000000,0.000000,    19.64002, 19.64002,  0.00000
  983.00100,      500,      583,    2.000000,0.000000,    19.66002, 19.66002,  0.00000
  984.00100,      500,      584,    2.000000,0.000000,    19.68002, 19.68002,  0.00000
  985.00100,      500,      585,    2.000000,0.000000,    19.70002, 19.70002,  0.00000
  986.00100,      500,      586,    2.000000,0.000000,    19.72002, 19.72002,  0.00000
  987.00100,      500,      587,    2.000000,0.000000,    19.74002, 19.74002,  0.00000
  988.00100,      500,      588,    2.000000,0.000000,    19.76002, 19.76002,  0.00000
  989.00100,      500,      589,    2.000000,0.000000,    19.78002, 19.78002,  0.00000
  990.00100,      500,      590,    2.000000,0.000000,    19.80002, 19.80002,  0.00000
  991.00100,      500,      591,    2.000000,0.000000,    19.82002, 19.82002,  0.00000
  992.00100,      500,      592,    2.000000,0.000000,    19.84002, 19.84002,  0.00000
  993.00100,      500,      593,    2.000000,0.000000,    19.86002, 19.86002,  0.00000
  994.00100,      500,      594,    2.000000,0.000000,    19.88002, 19.88002,  0.00000
  995.00100,      500,      595,    2.000000,0.000000,    19.90002, 19.90002,  0.00000
  996.00100,      500,      596,    2.000000,0.000000,    19.92002, 19.92002,  0.00000
  997.00100,      500,      597,    2.000000,0.000000,    19.94002, 19.94002,  0.00000
  998.00100,      500,      598,    2.000000,0.000000,    19.96002, 19.96002,  0.00000
  999.00100,      500,      599,    2.000000,0.000000,    19.98002, 19.98002,  0.00000
 1000.00100,      500,      600,    2.000000,0.000000,    20.00002, 20.00002,  0.00000
 1001.00100,      500,      601,    2.000000,0.000000,    20.02002, 20.02002,  0.00000
 1002.00100,      500,      602,    2.000000,0.000000,    20.04002, 20.04002,  0.00000
 1003.00100,      500,      603,    2.000000,0.000000,    20.06002, 20.06002,  0.00000
 1004.00100,      500,      604,    2.000000,0.000000,    20.08002, 20.08002,  0.00000
 1005.00100,      500,      605,    2.000000,0.000000,    20.10002, 20.10002,  0.00000
 1006.00100,      500,      606,    2.000000,0.000000,    20.12002, 20.12002,  0.00000
 1007.00100,      500,      607,    2.000000,0.000000,    20.14002, 20.14002,  0.00000
 1008.00100,      500,      608,    2.000000,0.000000,    20.16002, 20.16002,  0.00000
 1009.00100,      500,      609,    2.000000,0.000000,    20.18002, 20.18002,  0.00000
 1010.00100,      500,      610,    2.000000,0.000000,    20.20002, 20.20002,  0.00000
 1011.00100,      500,      611,    2.000000,0.000000,    20.22002, 20.22002,  0.00000
 1012.00100,      500,      612,    2.000000,0.000000,    20.24002, 20.24002,  0.00000
 1013.00100,      500,      613,    2.000000,0.000000,    20.26002, 20.26002,  0.00000
 1014.00100,      500,      614,    2.000000,0.000000,    20.28002, 20.28002,  0.00000
 1015.00100,      500,      615,    2.000000,0.000000,    20.30002, 20.30002,  0.00000
 1016.00100,      500,      616,    2.000000,0.000000,    20.32002, 20.32002,  0.00000
 1017.00100,      500,      617,    2.000000,0.000000,    20.34002, 20.34002,  0.00000
 1018.00100,      500,      618,    2.000000,0.000000,    20.36002, 20.36002,  0.00000
 1019.00100,      500,      619,    2.000000,0.000000,    20.38002, 20.38002,  0.00000
 1020.00100,      500,      620,    2.000000,0.000000,    20.40002, 20.40002,  0.00000
 1021.00100,      500,      621,    2.000000,0.000000,    20.42002, 20.42002,  0.00000
 1022.00100,      500,      622,    2.000000,0.000000,    20.44002, 20.44002,  0.00000
 1023.00100,      500,      623,    2.000000,0.000000,    20.46002, 20.46002,  0.00000
 1024.00100,      500,      624,    2.000000,0.000000,    20.48002, 20.48002,  0.00000
 1025.00100,      500,      625,    2.000000,0.000000,    20.50002, 20.50002,  0.00000
 1026.00100,      500,      626,    2.000000,0.000000,    20.52002, 20.52002,  0.00000
 1027.00100,      500,      627,    2.000000,0.000000,    20.54002, 20.54002,  0.00000
 1028.00100,      500,      628,    2.000000,0.000000,    20.56002, 20.56002,  0.00000
 1029.00100,      500,      629,    2.000000,0.000000,    20.58002, 20.58002,  0.00000
 1030.00100,      500,      630,    2.000000,0.000000,    20.60002, 20.60002,  0.00000
 1031.00100,      500,      631,    2.000000,0.000000,    20.62002, 20.62002,  0.00000
 1032.00100,      500,      632,    2.000000,0.000000,    20.64002, 20.64002,  0.00000
 1033.00100,      500,      633,    2.000000,0.000000,    20.66002, 20.66002,  0.00000
 1034.00100,      500,      634,    2.000000,0.000000,    20.68002, 20.68002,  0.00000
 1035.00100,      500,      635,    2.000000,0.000000,    20.70002, 20.70002,  0.00000
 1036.00100,      500,      636,    2.000000,0.000000,    20.72002, 20.72002,  0.00000
 1037.00100,      500,      637,    2.000000,0.000000,    20.74002, 20.74002,  0.00000
 1038.00100,      500,      638,    2.000000,0.000000,    20.76002, 20.76002,  0.00000
 1039.00100,      500,      639,    2.000000,0.000000,    20.78002, 20.78002,  0.00000
 1040.00100,      500,      640,    2.000000,0.000000,    20.80002, 20.80002,  0.00000
 1041.00100,      500,      641,    2.000000,0.000000,    20.82002, 20.82002,  0.00000
 1042.00100,      500,      642,    2.000000,0.000000,    20.84002, 20.84002,  0.00000
 1043.00100,      500,      643,    2.000000,0.000000,    20.86002, 20.86002,  0.00000
 1044.00100,      500,      644,    2.000000,0.000000,    20.88002, 20.88002,  0.00000
 1045.00100,      500,      645,    2.000000,0.000000,    20.90002, 20.90002,  0.00000
 1046.00100,      500,      646,    2.000000,0.000000,    20.92002, 20.92002,  0.00000
 1047.00100,      500,      647,    2.000000,0.000000,    20.94002, 20.94002,  0.00000
 1048.00100,      500,      648,    2.000000,0.000000,    20.96002, 20.96002,  0.00000
 1049.00100,      500,      649,    2.000000,0.000000,    20.98002, 20.98002,  0.00000
 1050.00100,      500,      650,    2.000000,0.000000,    21.00002, 21.00002,  0.00000
 1051.00100,      500,      651,    2.000000,0.000000,    21.02002, 21.02002,  0.00000
 1052.00100,      500,      652,    2.000000,0.000000,    21.04002, 21.04002,  0.00000
 1053.00100,      500,      653,    2.000000,0.000000,    21.06002, 21.06002,  0.00000
 1054.00100,      500,      654,    2.000000,0.000000,    21.08002, 21.08002,  0.00000
 1055.00100,      500,      655,    2.000000,0.000000,    21.10002, 21.10002,  0.00000
 1056.00100,      500,      656,    2.000000,0.000000,    21.12002, 21.12002,  0.00000
 1057.00100,      500,      657,    2.000000,0.000000,    21.14002, 21.14002,  0.00000
 1058.00100,      500,      658,    2.000000,0.000000,    21.16002, 21.16002,  0.00000
 1059.00100,      500,      659,    2.000000,0.000000,    21.18002, 21.18002,  0.00000
 1060.00100,      500,      660,    2.000000,0.000000,    21.20002, 21.20002,  0.00000
 1061.00100,      500,      661,    2.000000,0.000000,    21.22002, 21.22002,  0.00000
 1062.00100,      500,      662,    2.000000,0.000000,    21.24002, 21.24002,  0.00000
 1063.00100,      500,      663,    2.000000,0.000000,    21.26002, 21.26002,  0.00000
 1064.00100,      500,      664,    2.000000,0.000000,    21.28002, 21.28002,  0.00000
 1065.00100,      500,      665,    2.000000,0.000000,    21.30002, 21.30002,  0.00000
 1066.00100,      500,      666,    2.000000,0.000000,    21.32002, 21.32002,  0.00000
 1067.00100,      500,      667,    2.000000,0.000000,    21.34002, 21.34002,  0.00000
 1068.00100,      500,      668,    2.000000,0.000000,    21.36002, 21.36002,  0.00000
 1069.00100,      500,      669,    2.000000,0.000000,    21.38002, 21.38002,  0.00000
 1070.00100,      500,      670,    2.000000,0.000000,    21.40002, 21.40002,  0.00000
 1071.00100,      500,      671,    2.000000,0.000000,    21.42002, 21.42002,  0.00000
 1072.00100,      500,      672,    2.000000,0.000000,    21.44002, 21.44002,  0.00000
 1073.00100,      500,      673,    2.000000,0.000000,    21.46002, 21.46002,  0.00000
 1074.00100,      500,      674,    2.000000,0.000000,    21.48002, 21.48002,  0.00000
 1075.00100,      500,      675,    2.000000,0.000000,    21.50002, 21.50002,  0.00000
 1076.00100,      500,      676,    2.000000,0.000000,    21.52002, 21.52002,  0.00000
 1077.00100,      500,      677,    2.000000,0.000000,    21.54002, 21.54002,  0.00000
 1078.00100,      500,      678,    2.000000,0.000000,    21.56002, 21.56002,  0.00000
 1079.00100,      500,      679,    2.000000,0.000000,    21.58002, 21.58002,  0.00000
 1080.00100,      500,      680,    2.000000,0.000000,    21.60002, 21.60002,  0.00000
 1081.00100,      500,      681,    2.000000,0.000000,    21.62002, 21.62002,  0.00000
 1082.00100,      500,      682,    2.000000,0.000000,    21.64002, 21.64002,  0.00000
 1083.00100,      500,      683,    2.000000,0.000000,    21.66002, 21.66002,  0.00000
 1084.00100,      500,      684,    2.000000,0.000000,    21.68002, 21.68002,  0.00000
 1085.00100,      500,      685,    2.000000,0.000000,    21.70002, 21.70002,  0.00000
 1086.00100,      500,      686,    2.000000,0.000000,    21.72002, 21.72002,  0.00000
 1087.00100,      500,      687,    2.000000,0.000000,    21.74002, 21.74002,  0.00000
 1088.00100,      500,      688,    2.000000,0.000000,    21.76002, 21.76002,  0.00000
 1089.00100,      500,      689,    2.000000,0.000000,    21.78002, 21.78002,  0.00000
 1090.00100,      500,      690,    2.000000,0.000000,    21.80002, 21.80002,  0.00000
 1091.00100,      500,      691,    2.000000,0.000000,    21.82002, 21.82002,  0.00000
 1092.00100,      500,      692,    2.000000,0.000000,    21.84002, 21.84002,  0.00000
 1093.00100,      500,      693,    2.000000,0.000000,    21.86002, 21.86002,  0.00000
 1094.00100,      500,      694,    2.000000,0.000000,    21.88002, 21.88002,  0.00000
 1095.00100,      500,      695,    2.000000,0.000000,    21.90002, 21.90002,  0.00000
 1096.00100,      500,      696,    2.000000,0.000000,    21.92002, 21.92002,  0.00000
 1097.00100,      500,      697,    2.000000,0.000000,    21.94002, 21.94002,  0.00000
 1098.00100,      500,      698,    2.000000,0.000000,    21.96002, 21.96002,  0.00000
 1099.00100,      500,      699,    2.000000,0.000000,    21.98002, 21.98002,  0.00000
 1100.00100,      500,      700,    2.000000,0.000000,    22.00002, 22.00002,  0.00000
 1101.00100,      500,      701,    2.000000,0.000000,    22.02002, 22.02002,  0.00000
 1102.00100,      500,      702,    2.000000,0.000000,    22.04002, 22.04002,  0.00000
 1103.00100,      500,      703,    2.000000,0.000000,    22.06002, 22.06002,  0.00000
 1104.00100,      500,      704,    2.000000,0.000000,    22.08002, 22.08002,  0.00000
 1105.00100,      500,      705,    2.000000,0.000000,    22.10002, 22.10002,  0.00000
 1106.00100,      500,      706,    2.000000,0.000000,    22.12002, 22.12002,  0.00000
 1107.00100,      500,      707,    2.000000,0.000000,    22.14002, 22.14002,  0.00000
 1108.00100,      500,      708,    2.000000,0.000000,    22.16002, 22.16002,  0.00000
 1109.00100,      500,      709,    2.000000,0.000000,    22.18002, 22.18002,  0.00000
 1110.00100,      500,      710,    2.000000,0.000000,    22.20002, 22.20002,  0.00000
 1111.00100,      500,      711,    2.000000,0.000000,    22.22002, 22.22002,  0.00000
 1112.00100,      500,      712,    2.000000,0.000000,    22.24002, 22.24002,  0.00000
 1113.00100,      500,      713,    2.000000,0.000000,    22.26002, 22.26002,  0.00000
 1114.00100,      500,      714,    2.000000,0.000000,    22.28002, 22.28002,  0.00000
 1115.00100,      500,      715,    2.000000,0.000000,    22.30002, 22.30002,  0.00000
 1116.00100,      500,      716,    2.000000,0.000000,    22.32002, 22.32002,  0.00000
 1117.00100,      500,      717,    2.000000,0.000000,    22.34002, 22.34002,  0.00000
 1118.00100,      500,      718,    2.000000,0.000000,    22.36002, 22.36002,  0.00000
 1119.00100,      500,      719,    2.000000,0.000000,    22.38002, 22.38002,  0.00000
 1120.00100,      500,      720,    2.000000,0.000000,    22.40002, 22.40002,  0.00000
 1121.00100,      500,      721,    2.000000,0.000000,    22.42002, 22.42002,  0.00000
 1122.00100,      500,      722,    2.000000,0.000000,    22.44002, 22.44002,  0.00000
 1123.00100,      500,      723,    2.000000,0.000000,    22.46002, 22.46002,  0.00000
 1124.00100,      500,      724,    2.000000,0.000000,    22.48002, 22.48002,  0.00000
 1125.00100,      500,      725,    2.000000,0.000000,    22.50002, 22.50002,  0.00000
 1126.00100,      500,      726,    2.000000,0.000000,    22.52002, 22.52002,  0.00000
 1127.00100,      500,      727,    2.000000,0.000000,    22.54002, 22.54002,  0.00000
 1128.00100,      500,      728,    2.000000,0.000000,    22.56002, 22.56002,  0.00000
 1129.00100,      500,      729,    2.000000,0.000000,    22.58002, 22.58002,  0.00000
 1130.00100,      500,      730,    2.000000,0.000000,    22.60002, 22.60002,  0.00000
 1131.00100,      500,      731,    2.000000,0.000000,    22.62002, 22.62002,  0.00000
 1132.00100,      500,      732,    2.000000,0.000000,    22.64002, 22.64002,  0.00000
 1133.00100,      500,      733,    2.000000,0.000000,    22.66002, 22.66002,  0.00000
 1134.00100,      500,      734,    2.000000,0.000000,    22.68002, 22.68002,  0.00000
 1135.00100,      500,      735,    2.000000,0.000000,    22.70002, 22.70002,  0.00000
 1136.00100,      500,      736,    2.000000,0.000000,    22.72002, 22.72002,  0.00000
 1137.00100,      500,      737,    2.000000,0.000000,    22.74002, 22.74002,  0.00000
 1138.00100,      500,      738,    2.000000,0.000000,    22.76002, 22.76002,  0.00000
 1139.00100,      500,      739,    2.000000,0.000000,    22.78002, 22.78002,  0.00000
 1140.00100,      500,      740,    2.000000,0.000000,    22.80002, 22.80002,  0.00000
 1141.00100,      500,      741,    2.000000,0.000000,    22.82002, 22.82002,  0.00000
 1142.00100,      500,      742,    2.000000,0.000000,    22.84002, 22.84002,  0.00000
 1143.00100,      500,      743,    2.000000,0.000000,    22.86002, 22.86002,  0.00000
 1144.00100,      500,      744,    2.000000,0.000000,    22.88002, 22.88002,  0.00000
 1145.00100,      500,      745,    2.000000,0.000000,    22.90002, 22.90002,  0.00000
 1146.00100,      500,      746,    2.000000,0.000000,    22.92002, 22.92002,  0.00000
 1147.00100,      500,      747,    2.000000,0.000000,    22.94002, 22.94002,  0.00000
 1148.00100,      500,      748,    2.000000,0.000000,    22.96002, 22.96002,  0.00000
 1149.00100,      500,      749,    2.000000,0.000000,    22.98002, 22.98002,  0.00000
 1150.00100,      500,      750,    2.000000,0.000000,    23.00002, 23.00002,  0.00000
 1151.00100,      500,      751,    2.000000,0.000000,    23.02002, 23.02002,  0.00000
 1152.00100,      500,      752,    2.000000,0.000000,    23.04002, 23.04002,  0.00000
 1153.00100,      500,      753,    2.000000,0.000000,    23.06002, 23.06002,  0.00000
 1154.00100,      500,      754,    2.000000,0.000000,    23.08002, 23.08002,  0.00000
 1155.00100,      500,      755,    2.000000,0.000000,    23.10002, 23.10002,  0.00000
 1156.00100,      500,      756,    2.000000,0.000000,    23.12002, 23.12002,  0.00000
 1157.00100,      500,      757,    2.000000,0.000000,    23.14002, 23.14002,  0.00000
 1158.00100,      500,      758,    2.000000,0.000000,    23.16002, 23.16002,  0.00000
 1159.00100,      500,      759,    2.000000,0.000000,    23.18002, 23.18002,  0.00000
 1160.00100,      500,      760,    2.000000,0.000000,    23.20002, 23.20002,  0.00000
 1161.00100,      500,      761,    2.000000,0.000000,    23.22002, 23.22002,  0.00000
 1162.00100,      500,      762,    2.000000,0.000000,    23.24002, 23.24002,  0.00000
 1163.00100,      500,      763,    2.000000,0.000000,    23.26002, 23.26002,  0.00000
 1164.00100,      500,      764,    2.000000,0.000000,    23.28002, 23.28002,  0.00000
 1165.00100,      500,      765,    2.000000,0.000000,    23.30002, 23.30002,  0.00000
 1166.00100,      500,      766,    2.000000,0.000000,    23.32002, 23.32002,  0.00000
 1167.00100,      500,      767,    2.000000,0.000000,    23.34002, 23.34002,  0.00000
 1168.00100,      500,      768,    2.000000,0.000000,    23.36002, 23.36002,  0.00000
 1169.00100,      500,      769,    2.000000,0.000000,    23.38002, 23.38002,  0.00000
 1170.00100,      500,      770,    2.000000,0.000000,    23.40002, 23.40002,  0.00000
 1171.00100,      500,      771,    2.000000,0.000000,    23.42002, 23.42002,  0.00000
 1172.00100,      500,      772,    2.000000,0.000000,    23.44002, 23.44002,  0.00000
 1173.00100,      500,      773,    2.000000,0.000000,    23.46002, 23.46002,  0.00000
 1174.00100,      500,      774,    2.000000,0.000000,    23.48002, 23.48002,  0.00000
 1175.00100,      500,      775,    2.000000,0.000000,    23.50002, 23.50002,  0.00000
 1176.00100,      500,      776,    2.000000,0.000000,    23.52002, 23.52002,  0.00000
 1177.00100,      500,      777,    2.000000,0.000000,    23.54002, 23.54002,  0.00000
 1178.00100,      500,      778,    2.000000,0.000000,    23.56002, 23.56002,  0.00000
 1179.00100,      500,      779,    2.000000,0.000000,    23.58002, 23.58002,  0.00000
 1180.00100,      500,      780,    2.000000,0.000000,    23.60002, 23.60002,  0.00000
 1181.00100,      500,      781,    2.000000,0.000000,    23.62002, 23.62002,  0.00000
 1182.00100,      500,      782,    2.000000,0.000000,    23.64002, 23.64002,  0.00000
 1183.00100,      500,      783,    2.000000,0.000000,    23.66002, 23.66002,  0.00000
 1184.00100,      500,      784,    2.000000,0.000000,    23.68002, 23.68002,  0.00000
 1185.00100,      500,      785,    2.000000,0.000000,    23.70002, 23.70002,  0.00000
 1186.00100,      500,      786,    2.000000,0.000000,    23.72002, 23.72002,  0.00000
 1187.00100,      500,      787,    2.000000,0.000000,    23.74002, 23.74002,  0.00000
 1188.00100,      500,      788,    2.000000,0.000000,    23.76002, 23.76002,  0.00000
 1189.00100,      500,      789,    2.000000,0.000000,    23.78002, 23.78002,  0.00000
 1190.00100,      500,      790,    2.000000,0.000000,    23.80002, 23.80002,  0.00000
 1191.00100,      500,      791,    2.000000,0.000000,    23.82002, 23.82002,  0.00000
 1192.00100,      500,      792,    2.000000,0.000000,    23.84002, 23.84002,  0.00000
 1193.00100,      500,      793,    2.000000,0.000000,    23.86002, 23.86002,  0.00000
 1194.00100,      500,      794,    2.000000,0.000000,    23.88002, 23.88002,  0.00000
 1195.00100,      500,      795,    2.000000,0.000000,    23.90002, 23.90002,  0.00000
 1196.00100,      500,      796,    2.000000,0.000000,    23.92002, 23.92002,  0.00000
 1197.00100,      500,      797,    2.000000,0.000000,    23.94002, 23.94002,  0.00000
 1198.00100,      500,      798,    2.000000,0.000000,    23.96002, 23.96002,  0.00000
 1199.00100,      500,      799,    2.000000,0.000000,    23.98002, 23.98002,  0.00000
 1200.00100,      500,      800,    2.000000,0.000000,    24.00002, 24.00002,  0.00000
 1201.00100,      500,      801,    2.000000,0.000000,    24.02002, 24.02002,  0.00000
 1202.00100,      500,      802,    2.000000,0.000000,    24.04002, 24.04002,  0.00000
 1203.00100,      500,      803,    2.000000,0.000000,    24.06002, 24.06002,  0.00000
 1204.00100,      500,      804,    2.000000,0.000000,    24.08002, 24.08002,  0.00000
 1205.00100,      500,      805,    2.000000,0.000000,    24.10002, 24.10002,  0.00000
 1206.00100,      500,      806,    2.000000,0.000000,    24.12002, 24.12002,  0.00000
 1207.00100,      500,      807,    2.000000,0.000000,    24.14002, 24.14002,  0.00000
 1208.00100,      500,      808,    2.000000,0.000000,    24.16002, 24.16002,  0.00000
 1209.00100,      500,      809,    2.000000,0.000000,    24.18002, 24.18002,  0.00000
 1210.00100,      500,      810,    2.000000,0.000000,    24.20002, 24.20002,  0.00000
 1211.00100,      500,      811,    2.000000,0.000000,    24.22002, 24.22002,  0.00000
 1212.00100,      500,      812,    2.000000,0.000000,    24.24002, 24.24002,  0.00000
 1213.00100,      500,      813,    2.000000,0.000000,    24.26002, 24.26002,  0.00000
 1214.00100,      500,      814,    2.000000,0.000000,    24.28002, 24.28002,  0.00000
 1215.00100,      500,      815,    2.000000,0.000000,    24.30002, 24.30002,  0.00000
 1216.00100,      500,      816,    2.000000,0.000000,    24.32002, 24.32002,  0.00000
 1217.00100,      500,      817,    2.000000,0.000000,    24.34002, 24.34002,  0.00000
 1218.00100,      500,      818,    2.000000,0.000000,    24.36002, 24.36002,  0.00000
 1219.00100,      500,      819,    2.000000,0.000000,    24.38002, 24.38002,  0.00000
 1220.00100,      500,      820,    2.000000,0.000000,    24.40002, 24.40002,  0.00000
 1221.00100,      500,      821,    2.000000,0.000000,    24.42002, 24.42002,  0.00000
 1222.00100,      500,      822,    2.000000,0.000000,    24.44002, 24.44002,  0.00000
 1223.00100,      500,      823,    2.000000,0.000000,    24.46002, 24.46002,  0.00000
 1224.00100,      500,      824,    2.000000,0.000000,    24.48002, 24.48002,  0.00000
 1225.00100,      500,      825,    2.000000,0.000000,    24.50002, 24.50002,  0.00000
 1226.00100,      500,      826,    2.000000,0.000000,    24.52002, 24.52002,  0.00000
 1227.00100,      500,      827,    2.000000,0.000000,    24.54002, 24.54002,  0.00000
 1228.00100,      500,      828,    2.000000,0.000000,    24.56002, 24.56002,  0.00000
 1229.00100,      500,      829,    2.000000,0.000000,    24.58002, 24.58002,  0.00000
 1230.00100,      500,      830,    2.000000,0.000000,    24.60002, 24.60002,  0.00000
 1231.00100,      500,      831,    2.000000,0.000000,    24.62002, 24.62002,  0.00000
 1232.00100,      500,      832,    2.000000,0.000000,    24.64002, 24.64002,  0.00000
 1233.00100,      500,      833,    2.000000,0.000000,    24.66002, 24.66002,  0.00000
 1234.00100,      500,      834,    2.000000,0.000000,    24.68002, 24.68002,  0.00000
 1235.00100,      500,      835,    2.000000,0.000000,    24.70002, 24.70002,  0.00000
 1236.00100,      500,      836,    2.000000,0.000000,    24.72002, 24.72002,  0.00000
 1237.00100,      500,      837,    2.000000,0.000000,    24.74002, 24.74002,  0.00000
 1238.00100,      500,      838,    2.000000,0.000000,    24.76002, 24.76002,  0.00000
 1239.00100,      500,      839,    2.000000,0.000000,    24.78002, 24.78002,  0.00000
 1240.00100,      500,      840,    2.000000,0.000000,    24.80002, 24.80002,  0.00000
 1241.00100,      500,      841,    2.000000,0.000000,    24.82002, 24.82002,  0.00000
 1242.00100,      500,      842,    2.000000,0.000000,    24.84002, 24.84002,  0.00000
 1243.00100,      500,      843,    2.000000,0.000000,    24.86002, 24.86002,  0.00000
 1244.00100,      500,      844,    2.000000,0.000000,    24.88002, 24.88002,  0.00000
 1245.00100,      500,      845,    2.000000,0.000000,    24.90002, 24.90002,  0.00000
 1246.00100,      500,      846,    2.000000,0.000000,    24.92002, 24.92002,  0.00000
 1247.00100,      500,      847,    2.000000,0.000000,    24.94002, 24.94002,  0.00000
 1248.00100,      500,      848,    2.000000,0.000000,    24.96002, 24.96002,  0.00000
 1249.00100,      500,      849,    2.000000,0.000000,    24.98002, 24.98002,  0.00000
 1250.00100,      500,      850,    2.000000,0.000000,    25.00002, 25.00002,  0.00000
 1251.00100,      500,      851,    2.000000,0.000000,    25.02002, 25.02002,  0.00000
 1252.00100,      500,      852,    2.000000,0.000000,    25.04002, 25.04002,  0.00000
 1253.00100,      500,      853,    2.000000,0.000000,    25.06002, 25.06002,  0.00000
 1254.00100,      500,      854,    2.000000,0.000000,    25.08002, 25.08002,  0.00000
 1255.00100,      500,      855,    2.000000,0.000000,    25.10002, 25.10002,  0.00000
 1256.00100,      500,      856,    2.000000,0.000000,    25.12002, 25.12002,  0.00000
 1257.00100,      500,      857,    2.000000,0.000000,    25.14002, 25.14002,  0.00000
 1258.00100,      500,      858,    2.000000,0.000000,    25.16002, 25.16002,  0.00000
 1259.00100,      500,      859,    2.000000,0.000000,    25.18002, 25.18002,  0.00000
 1260.00100,      500,      860,    2.000000,0.000000,    25.20002, 25.20002,  0.00000
 1261.00100,      500,      861,    2.000000,0.000000,    25.22002, 25.22002,  0.00000
 1262.00100,      500,      862,    2.000000,0.000000,    25.24002, 25.24002,  0.00000
 1263.00100,      500,      863,    2.000000,0.000000,    25.26002, 25.26002,  0.00000
 1264.00100,      500,      864,    2.000000,0.000000,    25.28002, 25.28002,  0.00000
 1265.00100,      500,      865,    2.000000,0.000000,    25.30002, 25.30002,  0.00000
 1266.00100,      500,      866,    2.000000,0.000000,    25.32002, 25.32002,  0.00000
 1267.00100,      500,      867,    2.000000,0.000000,    25.34002, 25.34002,  0.00000
 1268.00100,      500,      868,    2.000000,0.000000,    25.36002, 25.36002,  0.00000
 1269.00100,      500,      869,    2.000000,0.000000,    25.38002, 25.38002,  0.00000
 1270.00100,      500,      870,    2.000000,0.000000,    25.40002, 25.40002,  0.00000
 1271.00100,      500,      871,    2.000000,0.000000,    25.42002, 25.42002,  0.00000
 1272.00100,      500,      872,    2.000000,0.000000,    25.44002, 25.44002,  0.00000
 1273.00100,      500,      873,    2.000000,0.000000,    25.46002, 25.46002,  0.00000
 1274.00100,      500,      874,    2.000000,0.000000,    25.48002, 25.48002,  0.00000
 1275.00100,      500,      875,    2.000000,0.000000,    25.50002, 25.50002,  0.00000
 1276.00100,      500,      876,    2.000000,0.000000,    25.52002, 25.52002,  0.00000
 1277.00100,      500,      877,    2.000000,0.000000,    25.54002, 25.54002,  0.00000
 1278.00100,      500,      878,    2.000000,0.000000,    25.56002, 25.56002,  0.00000
 1279.00100,      500,      879,    2.000000,0.000000,    25.58002, 25.58002,  0.00000
 1280.00100,      500,      880,    2.000000,0.000000,    25.60002, 25.60002,  0.00000
 1281.00100,      500,      881,    2.000000,0.000000,    25.62002, 25.62002,  0.00000
 1282.00100,      500,      882,    2.000000,0.000000,    25.64002, 25.64002,  0.00000
 1283.00100,      500,      883,    2.000000,0.000000,    25.66002, 25.66002,  0.00000
 1284.00100,      500,      884,    2.000000,0.000000,    25.68002, 25.68002,  0.00000
 1285.00100,      500,      885,    2.000000,0.000000,    25.70002, 25.70002,  0.00000
 1286.00100,      500,      886,    2.000000,0.000000,    25.72002, 25.72002,  0.00000
 1287.00100,      500,      887,    2.000000,0.000000,    25.74002, 25.74002,  0.00000
 1288.00100,      500,      888,    2.000000,0.000000,    25.76002, 25.76002,  0.00000
 1289.00100,      500,      889,    2.000000,0.000000,    25.78002, 25.78002,  0.00000
 1290.00100,      500,      890,    2.000000,0.000000,    25.80002, 25.80002,  0.00000
 1291.00100,      500,      891,    2.000000,0.000000,    25.82002, 25.82002,  0.00000
 1292.00100,      500,      892,    2.000000,0.000000,    25.84002, 25.84002,  0.00000
 1293.00100,      500,      893,    2.000000,0.000000,    25.86002, 25.86002,  0.00000
 1294.00100,      500,      894,    2.000000,0.000000,    25.88002, 25.88002,  0.00000
 1295.00100,      500,      895,    2.000000,0.000000,    25.90002, 25.90002,  0.00000
 1296.00100,      500,      896,    2.000000,0.000000,    25.92002, 25.92002,  0.00000
 1297.00100,      500,      897,    2.000000,0.000000,    25.94002, 25.94002,  0.00000
 1298.00100,      500,      898,    2.000000,0.000000,    25.96002, 25.96002,  0.00000
 1299.00100,      500,      899,    2.000000,0.000000,    25.98002, 25.98002,  0.00000
 1300.00100,      500,      900,    2.000000,0.000000,    26.00002, 26.00002,  0.00000
 1301.00100,      500,      901,    2.000000,0.000000,    26.02002, 26.02002,  0.00000
 1302.00100,      500,      902,    2.000000,0.000000,    26.04002, 26.04002,  0.00000
 1303.00100,      500,      903,    2.000000,0.000000,    26.06002, 26.06002,  0.00000
 1304.00100,      500,      904,    2.000000,0.000000,    26.08002, 26.08002,  0.00000
 1305.00100,      500,      905,    2.000000,0.000000,    26.10002, 26.10002,  0.00000
 1306.00100,      500,      906,    2.000000,0.000000,    26.12002, 26.12002,  0.00000
 1307.00100,      500,      907,    2.000000,0.000000,    26.14002, 26.14002,  0.00000
 1308.00100,      500,      908,    2.000000,0.000000,    26.16002, 26.16002,  0.00000
 1309.00100,      500,      909,    2.000000,0.000000,    26.18002, 26.18002,  0.00000
 1310.00100,      500,      910,    2.000000,0.000000,    26.20002, 26.20002,  0.00000
 1311.00100,      500,      911,    2.000000,0.000000,    26.22002, 26.22002,  0.00000
 1312.00100,      500,      912,    2.000000,0.000000,    26.24002, 26.24002,  0.00000
 1313.00100,      500,      913,    2.000000,0.000000,    26.26002, 26.26002,  0.00000
 1314.00100,      500,      914,    2.000000,0.000000,    26.28002, 26.28002,  0.00000
 1315.00100,      500,      915,    2.000000,0.000000,    26.30002, 26.30002,  0.00000
 1316.00100,      500,      916,    2.000000,0.000000,    26.32002, 26.32002,  0.00000
 1317.00100,      500,      917,    2.000000,0.000000,    26.34002, 26.34002,  0.00000
 1318.00100,      500,      918,    2.000000,0.000000,    26.36002, 26.36002,  0.00000
 1319.00100,      500,      919,    2.000000,0.000000,    26.38002, 26.38002,  0.00000
 1320.00100,      500,      920,    2.000000,0.000000,    26.40002, 26.40002,  0.00000
 1321.00100,      500,      921,    2.000000,0.000000,    26.42002, 26.42002,  0.00000
 1322.00100,      500,      922,    2.000000,0.000000,    26.44002, 26.44002,  0.00000
 1323.00100,      500,      923,    2.000000,0.000000,    26.46002, 26.46002,  0.00000
 1324.00100,      500,      924,    2.000000,0.000000,    26.48002, 26.48002,  0.00000
 1325.00100,      500,      925,    2.000000,0.000000,    26.50002, 26.50002,  0.00000
 1326.00100,      500,      926,    2.000000,0.000000,    26.52002, 26.52002,  0.00000
 1327.00100,      500,      927,    2.000000,0.000000,    26.54002, 26.54002,  0.00000
 1328.00100,      500,      928,    2.000000,0.000000,    26.56002, 26.56002,  0.00000
 1329.00100,      500,      929,    2.000000,0.000000,    26.58002, 26.58002,  0.00000
 1330.00100,      500,      930,    2.000000,0.000000,    26.60002, 26.60002,  0.00000
 1331.00100,      500,      931,    2.000000,0.000000,    26.62002, 26.62002,  0.00000
 1332.00100,      500,      932,    2.000000,0.000000,    26.64002, 26.64002,  0.00000
 1333.00100,      500,      933,    2.000000,0.000000,    26.66002, 26.66002,  0.00000
 1334.00100,      500,      934,    2.000000,0.000000,    26.68002, 26.68002,  0.00000
 1335.00100,      500,      935,    2.000000,0.000000,    26.70002, 26.70002,  0.00000
 1336.00100,      500,      936,    2.000000,0.000000,    26.72002, 26.72002,  0.00000
 1337.00100,      500,      937,    2.000000,0.000000,    26.74002, 26.74002,  0.00000
 1338.00100,      500,      938,    2.000000,0.000000,    26.76002, 26.76002,  0.00000
 1339.00100,      500,      939,    2.000000,0.000000,    26.78002, 26.78002,  0.00000
 1340.00100,      500,      940,    2.000000,0.000000,    26.80002, 26.80002,  0.00000
 1341.00100,      500,      941,    2.000000,0.000000,    26.82002, 26.82002,  0.00000
 1342.00100,      500,      942,    2.000000,0.000000,    26.84002, 26.84002,  0.00000
 1343.00100,      500,      943,    2.000000,0.000000,    26.86002, 26.86002,  0.00000
 1344.00100,      500,      944,    2.000000,0.000000,    26.88002, 26.88002,  0.00000
 1345.00100,      500,      945,    2.000000,0.000000,    26.90002, 26.90002,  0.00000
 1346.00100,      500,      946,    2.000000,0.000000,    26.92002, 26.92002,  0.00000
 1347.00100,      500,      947,    2.000000,0.000000,    26.94002, 26.94002,  0.00000
 1348.00100,      500,      948,    2.000000,0.000000,    26.96002, 26.96002,  0.00000
 1349.00100,      500,      949,    2.000000,0.000000,    26.98002, 26.98002,  0.00000
 1350.00100,      500,      950,    2.000000,0.000000,    27.00002, 27.00002,  0.00000
 1351.00100,      500,      951,    2.000000,0.000000,    27.02002, 27.02002,  0.00000
 1352.00100,      500,      952,    2.000000,0.000000,    27.04002, 27.04002,  0.00000
 1353.00100,      500,      953,    2.000000,0.000000,    27.06002, 27.06002,  0.00000
 1354.00100,      500,      954,    2.000000,0.000000,    27.08002, 27.08002,  0.00000
 1355.00100,      500,      955,    2.000000,0.000000,    27.10002, 27.10002,  0.00000
 1356.00100,      500,      956,    2.000000,0.000000,    27.12002, 27.12002,  0.00000
 1357.00100,      500,      957,    2.000000,0.000000,    27.14002, 27.14002,  0.00000
 1358.00100,      500,      958,    2.000000,0.000000,    27.16002, 27.16002,  0.00000
 1359.00100,      500,      959,    2.000000,0.000000,    27.18002, 27.18002,  0.00000
 1360.00100,      500,      960,    2.000000,0.000000,    27.20002, 27.20002,  0.00000
 1361.00100,      500,      961,    2.000000,0.000000,    27.22002, 27.22002,  0.00000
 1362.00100,      500,      962,    2.000000,0.000000,    27.24002, 27.24002,  0.00000
 1363.00100,      500,      963,    2.000000,0.000000,    27.26002, 27.26002,  0.00000
 1364.00100,      500,      964,    2.000000,0.000000,    27.28002, 27.28002,  0.00000
 1365.00100,      500,      965,    2.000000,0.000000,    27.30002, 27.30002,  0.00000
 1366.00100,      500,      966,    2.000000,0.000000,    27.32002, 27.32002,  0.00000
 1367.00100,      500,      967,    2.000000,0.000000,    27.34002, 27.34002,  0.00000
 1368.00100,      500,      968,    2.000000,0.000000,    27.36002, 27.36002,  0.00000
 1369.00100,      500,      969,    2.000000,0.000000,    27.38002, 27.38002,  0.00000
 1370.00100,      500,      970,    2.000000,0.000000,    27.40002, 27.40002,  0.00000
 1371.00100,      500,      971,    2.000000,0.000000,    27.42002, 27.42002,  0.00000
 1372.00100,      500,      972,    2.000000,0.000000,    27.44002, 27.44002,  0.00000
 1373.00100,      500,      973,    2.000000,0.000000,    27.46002, 27.46002,  0.00000
 1374.00100,      500,      974,    2.000000,0.000000,    27.48002, 27.48002,  0.00000
 1375.00100,      500,      975,    2.000000,0.000000,    27.50002, 27.50002,  0.00000
 1376.00100,      500,      976,    2.000000,0.000000,    27.52002, 27.52002,  0.00000
 1377.00100,      500,      977,    2.000000,0.000000,    27.54002, 27.54002,  0.00000
 1378.00100,      500,      978,    2.000000,0.000000,    27.56002, 27.56002,  0.00000
 1379.00100,      500,      979,    2.000000,0.000000,    27.58002, 27.58002,  0.00000
 1380.00100,      500,      980,    2.000000,0.000000,    27.60002, 27.60002,  0.00000
 1381.00100,      500,      981,    2.000000,0.000000,    27.62002, 27.62002,  0.00000
 1382.00100,      500,      982,    2.000000,0.000000,    27.64002, 27.64002,  0.00000
 1383.00100,      500,      983,    2.000000,0.000000,    27.66002, 27.66002,  0.00000
 1384.00100,      500,      984,    2.000000,0.000000,    27.68002, 27.68002,  0.00000
 1385.00100,      500,      985,    2.000000,0.000000,    27.70002, 27.70002,  0.00000
 1386.00100,      500,      986,    2.000000,0.000000,    27.72002, 27.72002,  0.00000
 1387.00100,      500,      987,    2.000000,0.000000,    27.74002, 27.74002,  0.00000
 1388.00100,      500,      988,    2.000000,0.000000,    27.76002, 27.76002,  0.00000
 1389.00100,      500,      989,    2.000000,0.000000,    27.78002, 27.78002,  0.00000
 1390.00100,      500,      990,    2.000000,0.000000,    27.80002, 27.80002,  0.00000
 1391.00100,      500,      991,    2.000000,0.000000,    27.82002, 27.82002,  0.00000
 1392.00100,      500,      992,    2.000000,0.000000,    27.84002, 27.84002,  0.00000
 1393.00100,      500,      993,    2.000000,0.000000,    27.86002, 27.86002,  0.00000
 1394.00100,      500,      994,    2.000000,0.000000,    27.88002, 27.88002,  0.00000
 1395.00100,      500,      995,    2.000000,0.000000,    27.90002, 27.90002,  0.00000
 1396.00100,      500,      996,    2.000000,0.000000,    27.92002, 27.92002,  0.00000
 1397.00100,      500,      997,    2.000000,0.000000,    27.94002, 27.94002,  0.00000
 1398.00100,      500,      998,    2.000000,0.000000,    27.96002, 27.96002,  0.00000
 1399.00100,      500,      999,    2.000000,0.000000,    27.98002, 27.98002,  0.00000
 1400.00100,      500,     1000,    2.000000,0.000000,    28.00002, 28.00002,  0.00000
 1401.00100,      500,     1001,    2.000000,0.000000,    28.02002, 28.02002,  0.00000
 1402.00100,      500,     1002,    2.000000,0.000000,    28.04002, 28.04002,  0.00000
 1403.00100,      500,     1003,    2.000000,0.000000,    28.06002, 28.06002,  0.00000
 1404.00100,      500,     1004,    2.000000,0.000000,    28.08002, 28.08002,  0.00000
 1405.00100,      500,     1005,    2.000000,0.000000,    28.10002, 28.10002,  0.00000
 1406.00100,      500,     1006,    2.000000,0.000000,    28.12002, 28.12002,  0.00000
 1407.00100,      500,     1007,    2.000000,0.000000,    28.14002, 28.14002,  0.00000
 1408.00100,      500,     1008,    2.000000,0.000000,    28.16002, 28.16002,  0.00000
 1409.00100,      500,     1009,    2.000000,0.000000,    28.18002, 28.18002,  0.00000
 1410.00100,      500,     1010,    2.000000,0.000000,    28.20002, 28.20002,  0.00000
 1411.00100,      500,     1011,    2.000000,0.000000,    28.22002, 28.22002,  0.00000
 1412.00100,      500,     1012,    2.000000,0.000000,    28.24002, 28.24002,  0.00000
 1413.00100,      500,     1013,    2.000000,0.000000,    28.26002, 28.26002,  0.00000
 1414.00100,      500,     1014,    2.000000,0.000000,    28.28002, 28.28002,  0.00000
 1415.00100,      500,     1015,    2.000000,0.000000,    28.30002, 28.30002,  0.00000
 1416.00100,      500,     1016,    2.000000,0.000000,    28.32002, 28.32002,  0.00000
 1417.00100,      500,     1017,    2.000000,0.000000,    28.34002, 28.34002,  0.00000
 1418.00100,      500,     1018,    2.000000,0.000000,    28.36002, 28.36002,  0.00000
 1419.00100,      500,     1019,    2.000000,0.000000,    28.38002, 28.38002,  0.00000
 1420.00100,      500,     1020,    2.000000,0.000000,    28.40002, 28.40002,  0.00000
 1421.00100,      500,     1021,    2.000000,0.000000,    28.42002, 28.42002,  0.00000
 1422.00100,      500,     1022,    2.000000,0.000000,    28.44002, 28.44002,  0.00000
 1423.00100,      500,     1023,    2.000000,0.000000,    28.46002, 28.46002,  0.00000
 1424.00100,      500,     1024,    2.000000,0.000000,    28.48002, 28.48002,  0.00000
 1425.00100,      500,     1025,    2.000000,0.000000,    28.50002, 28.50002,  0.00000
 1426.00100,      500,     1026,    2.000000,0.000000,    28.52002, 28.52002,  0.00000
 1427.00100,      500,     1027,    2.000000,0.000000,    28.54002, 28.54002,  0.00000
 1428.00100,      500,     1028,    2.000000,0.000000,    28.56002, 28.56002,  0.00000
 1429.00100,      500,     1029,    2.000000,0.000000,    28.58002, 28.58002,  0.00000
 1430.00100,      500,     1030,    2.000000,0.000000,    28.60002, 28.60002,  0.00000
 1431.00100,      500,     1031,    2.000000,0.000000,    28.62002, 28.62002,  0.00000
 1432.00100,      500,     1032,    2.000000,0.000000,    28.64002, 28.64002,  0.00000
 1433.00100,      500,     1033,    2.000000,0.000000,    28.66002, 28.66002,  0.00000
 1434.00100,      500,     1034,    2.000000,0.000000,    28.68002, 28.68002,  0.00000
 1435.00100,      500,     1035,    2.000000,0.000000,    28.70002, 28.70002,  0.00000
 1436.00100,      500,     1036,    2.000000,0.000000,    28.72002, 28.72002,  0.00000
 1437.00100,      500,     1037,    2.000000,0.000000,    28.74002, 28.74002,  0.00000
 1438.00100,      500,     1038,    2.000000,0.000000,    28.76002, 28.76002,  0.00000
 1439.00100,      500,     1039,    2.000000,0.000000,    28.78002, 28.78002,  0.00000
 1440.00100,      500,     1040,    2.000000,0.000000,    28.80002, 28.80002,  0.00000
 1441.00100,      500,     1041,    2.000000,0.000000,    28.82002, 28.82002,  0.00000
 1442.00100,      500,     1042,    2.000000,0.000000,    28.84002, 28.84002,  0.00000
 1443.00100,      500,     1043,    2.000000,0.000000,    28.86002, 28.86002,  0.00000
 1444.00100,      500,     1044,    2.000000,0.000000,    28.88002, 28.88002,  0.00000
 1445.00100,      500,     1045,    2.000000,0.000000,    28.90002, 28.90002,  0.00000
 1446.00100,      500,     1046,    2.000000,0.000000,    28.92002, 28.92002,  0.00000
 1447.00100,      500,     1047,    2.000000,0.000000,    28.94002, 28.94002,  0.00000
 1448.00100,      500,     1048,    2.000000,0.000000,    28.96002, 28.96002,  0.00000
 1449.00100,      500,     1049,    2.000000,0.000000,    28.98002, 28.98002,  0.00000
 1450.00100,      500,     1050,    2.000000,0.000000,    29.00002, 29.00002,  0.00000
 1451.00100,      500,     1051,    2.000000,0.000000,    29.02002, 29.02002,  0.00000
 1452.00100,      500,     1052,    2.000000,0.000000,    29.04002, 29.04002,  0.00000
 1453.00100,      500,     1053,    2.000000,0.000000,    29.06002, 29.06002,  0.00000
 1454.00100,      500,     1054,    2.000000,0.000000,    29.08002, 29.08002,  0.00000
 1455.00100,      500,     1055,    2.000000,0.000000,    29.10002, 29.10002,  0.00000
 1456.00100,      500,     1056,    2.000000,0.000000,    29.12002, 29.12002,  0.00000
 1457.00100,      500,     1057,    2.000000,0.000000,    29.14002, 29.14002,  0.00000
 1458.00100,      500,     1058,    2.000000,0.000000,    29.16002, 29.16002,  0.00000
 1459.00100,      500,     1059,    2.000000,0.000000,    29.18002, 29.18002,  0.00000
 1460.00100,      500,     1060,    2.000000,0.000000,    29.20002, 29.20002,  0.00000
 1461.00100,      500,     1061,    2.000000,0.000000,    29.22002, 29.22002,  0.00000
 1462.00100,      500,     1062,    2.000000,0.000000,    29.24002, 29.24002,  0.00000
 1463.00100,      500,     1063,    2.000000,0.000000,    29.26002, 29.26002,  0.00000
 1464.00100,      500,     1064,    2.000000,0.000000,    29.28002, 29.28002,  0.00000
 1465.00100,      500,     1065,    2.000000,0.000000,    29.30002, 29.30002,  0.00000
 1466.00100,      500,     1066,    2.000000,0.000000,    29.32002, 29.32002,  0.00000
 1467.00100,      500,     1067,    2.000000,0.000000,    29.34002, 29.34002,  0.00000
 1468.00100,      500,     1068,    2.000000,0.000000,    29.36002, 29.36002,  0.00000
 1469.00100,      500,     1069,    2.000000,0.000000,    29.38002, 29.38002,  0.00000
 1470.00100,      500,     1070,    2.000000,0.000000,    29.40002, 29.40002,  0.00000
 1471.00100,      500,     1071,    2.000000,0.000000,    29.42002, 29.42002,  0.00000
 1472.00100,      500,     1072,    2.000000,0.000000,    29.44002, 29.44002,  0.00000
 1473.00100,      500,     1073,    2.000000,0.000000,    29.46002, 29.46002,  0.00000
 1474.00100,      500,     1074,    2.000000,0.000000,    29.48002, 29.48002,  0.00000
 1475.00100,      500,     1075,    2.000000,0.000000,    29.50002, 29.50002,  0.00000
 1476.00100,      500,     1076,    2.000000,0.000000,    29.52002, 29.52002,  0.00000
 1477.00100,      500,     1077,    2.000000,0.000000,    29.54002, 29.54002,  0.00000
 1478.00100,      500,     1078,    2.000000,0.000000,    29.56002, 29.56002,  0.00000
 1479.00100,      500,     1079,    2.000000,0.000000,    29.58002, 29.58002,  0.00000
 1480.00100,      500,     1080,    2.000000,0.000000,    29.60002, 29.60002,  0.00000
 1481.00100,      500,     1081,    2.000000,0.000000,    29.62002, 29.62002,  0.00000
 1482.00100,      500,     1082,    2.000000,0.000000,    29.64002, 29.64002,  0.00000
 1483.00100,      500,     1083,    2.000000,0.000000,    29.66002, 29.66002,  0.00000
 1484.00100,      500,     1084,    2.000000,0.000000,    29.68002, 29.68002,  0.00000
 1485.00100,      500,     1085,    2.000000,0.000000,    29.70002, 29.70002,  0.00000
 1486.00100,      500,     1086,    2.000000,0.000000,    29.72002, 29.72002,  0.00000
 1487.00100,      500,     1087,    2.000000,0.000000,    29.74002, 29.74002,  0.00000
 1488.00100,      500,     1088,    2.000000,0.000000,    29.76002, 29.76002,  0.00000
 1489.00100,      500,     1089,    2.000000,0.000000,    29.78002, 29.78002,  0.00000
 1490.00100,      500,     1090,    2.000000,0.000000,    29.80002, 29.80002,  0.00000
 1491.00100,      500,     1091,    2.000000,0.000000,    29.82002, 29.82002,  0.00000
 1492.00100,      500,     1092,    2.000000,0.000000,    29.84002, 29.84002,  0.00000
 1493.00100,      500,     1093,    2.000000,0.000000,    29.86002, 29.86002,  0.00000
 1494.00100,      500,     1094,    2.000000,0.000000,    29.88002, 29.88002,  0.00000
 1495.00100,      500,     1095,    2.000000,0.000000,    29.90002, 29.90002,  0.00000
 1496.00100,      500,     1096,    2.000000,0.000000,    29.92002, 29.92002,  0.00000
 1497.00100,      500,     1097,    2.000000,0.000000,    29.94002, 29.94002,  0.00000
 1498.00100,      500,     1098,    2.000000,0.000000,    29.96002, 29.96002,  0.00000
 1499.00100,      500,     1099,    1.000000,0.000000,    29.98002, 29.98002,  0.00000
